"Carimbo de data/hora","Você já realizou compra em algum dos sites de e-commerce abaixo?","Assinale abaixo, qual o fator para sua decisão de compra:","Qual seu nível de satisfação com entregas entre 0 à 3 dias?","Quando você escolhe um produto que não é vendido pelo próprio site, o que você faz?","Caso tenha respondido ""não"", justifique:","Se houvesse um selo de recomendação do vendedor, você compraria com ele?","Caso tenha respondido ""não"", justifique:"
"2021/05/29 3:48:48 PM GMT-3","Casas Bahia","Menor preço","4","Compro porquê analiso a reputação do vendedor","","Sim, pois teria confiança do site e-commerce",""
"2021/05/29 3:49:18 PM GMT-3","Casas Bahia;Ponto Frio;Extra.com;Magazine Luiza;Mercado Livre;Amazon","Tempo de entrega","5","Compro pois vejo as avaliações de outras compras","","Sim, pois saberia que ele possui outras vendas concluidas",""
"2021/05/29 3:52:27 PM GMT-3","Mercado Livre;Amazon","Confiança no fornecedor","3","Compro porquê analiso a reputação do vendedor","","Sim, pois teria confiança do site e-commerce",""
"2021/05/29 3:52:54 PM GMT-3","Casas Bahia;Ponto Frio;Extra.com;Magazine Luiza;Mercado Livre;Amazon","Menor preço","5","Compro pois terei reembolso caso tenha problemas","Não","Sim, pois teria confiança do site e-commerce","Não"
"2021/05/29 3:52:55 PM GMT-3","Casas Bahia;Ponto Frio;Extra.com;Magazine Luiza;Mercado Livre;Amazon","Tempo de entrega","4","Compro porquê analiso a reputação do vendedor","","Sim, pois saberia que ele possui outras vendas concluidas",""
"2021/05/29 3:53:15 PM GMT-3","Magazine Luiza;Mercado Livre;Amazon","Confiança no fornecedor","5","Não","Prefiro produtos que sao vendidos e entregues pelo dono do site.","Sim, pois saberia que ele possui outras vendas concluidas",""
"2021/05/29 3:53:23 PM GMT-3","Casas Bahia;Magazine Luiza;Mercado Livre;Amazon","Menor preço","4","Compro porquê analiso a reputação do vendedor","","Sim, pois saberia que ele possui outras vendas concluidas",""
"2021/05/29 3:53:48 PM GMT-3","Casas Bahia;Ponto Frio;Extra.com;Magazine Luiza;Mercado Livre","Menor preço","5","Compro pois confio no site","","Sim, pois teria confiança do site e-commerce",""
"2021/05/29 3:54:12 PM GMT-3","Casas Bahia;Ponto Frio;Extra.com;Magazine Luiza;Mercado Livre;Amazon","Menor preço","5","Compro pois terei reembolso caso tenha problemas","","Sim, pois teria confiança do site e-commerce",""
"2021/05/29 3:56:19 PM GMT-3","Casas Bahia;Ponto Frio;Magazine Luiza;Mercado Livre;Shopee;Amazon","Frete grátis","4","Compro porquê analiso a reputação do vendedor","","Sim, pois teria confiança do site e-commerce",""
"2021/05/29 3:56:46 PM GMT-3","Extra.com;Magazine Luiza;Mercado Livre;Shopee;Amazon","Menor preço","5","Compro porquê analiso a reputação do vendedor","","Sim, pois saberia que ele possui outras vendas concluidas",""
"2021/05/29 3:58:08 PM GMT-3","Casas Bahia;Ponto Frio;Extra.com;Magazine Luiza;Mercado Livre;Shopee;Amazon","Confiança no fornecedor","5","Não","Não compro pq não confio","Sim, pois teria confiança do site e-commerce",""
"2021/05/29 3:58:53 PM GMT-3","Casas Bahia;Ponto Frio;Extra.com;Amazon","Menor preço","4","Compro pois vejo as avaliações de outras compras","","Sim, pois teria confiança do site e-commerce",""
"2021/05/29 3:59:18 PM GMT-3","Casas Bahia;Ponto Frio;Extra.com;Magazine Luiza;Mercado Livre;Amazon","Confiança no fornecedor","5","Compro porquê analiso a reputação do vendedor","","Sim, pois teria confiança do site e-commerce",""
"2021/05/29 4:00:52 PM GMT-3","Casas Bahia;Ponto Frio;Extra.com;Magazine Luiza;Mercado Livre;Shopee;Amazon","Confiança no fornecedor","5","Compro porquê analiso a reputação do vendedor","","Sim, pois saberia que ele possui outras vendas concluidas",""
"2021/05/29 4:01:14 PM GMT-3","Casas Bahia;Extra.com;Magazine Luiza;Mercado Livre;Amazon","Menor preço","4","Compro pois terei reembolso caso tenha problemas","","Sim, pois saberia que ele possui outras vendas concluidas",""
"2021/05/29 4:01:21 PM GMT-3","Casas Bahia;Magazine Luiza;Amazon","Tempo de entrega","4","Compro pois vejo as avaliações de outras compras","","Sim, pois teria confiança do site e-commerce",""
"2021/05/29 4:02:19 PM GMT-3","Magazine Luiza;Mercado Livre;Amazon","Menor preço","5","Compro pois terei reembolso caso tenha problemas","","Sim, pois saberia que ele possui outras vendas concluidas",""
"2021/05/29 4:02:29 PM GMT-3","Casas Bahia;Extra.com;Magazine Luiza;Mercado Livre;Shopee;Amazon","Menor preço","5","Compro pois confio no site","","Sim, pois teria confiança do site e-commerce",""
"2021/05/29 4:02:34 PM GMT-3","Casas Bahia;Ponto Frio;Magazine Luiza;Mercado Livre;Amazon","Confiança no fornecedor","3","Compro pois terei reembolso caso tenha problemas","","Sim, pois teria confiança do site e-commerce",""
"2021/05/29 4:03:24 PM GMT-3","Casas Bahia;Ponto Frio;Extra.com;Magazine Luiza;Mercado Livre;Shopee;Amazon","Menor preço","4","Compro pois terei reembolso caso tenha problemas","","Sim, pois teria confiança do site e-commerce",""
"2021/05/29 4:04:16 PM GMT-3","Casas Bahia;Ponto Frio;Extra.com;Magazine Luiza;Mercado Livre;Amazon","Menor preço","5","Compro porquê analiso a reputação do vendedor","","Sim, pois teria confiança do site e-commerce",""
"2021/05/29 4:04:18 PM GMT-3","Casas Bahia;Magazine Luiza","Menor preço","3","Compro pois confio no site","","Sim, pois teria confiança do site e-commerce",""
"2021/05/29 4:05:10 PM GMT-3","Casas Bahia;Ponto Frio;Extra.com;Magazine Luiza;Mercado Livre;Amazon","Menor preço","5","Compro porquê analiso a reputação do vendedor","","Sim, pois teria confiança do site e-commerce",""
"2021/05/29 4:06:42 PM GMT-3","Ponto Frio;Extra.com;Mercado Livre;Shopee","Menor preço","5","Compro pois confio no site","","Sim, pois saberia que ele possui outras vendas concluidas",""
"2021/05/29 4:07:02 PM GMT-3","Casas Bahia;Ponto Frio;Extra.com;Magazine Luiza;Mercado Livre;Amazon","Confiança no fornecedor","5","Compro pois vejo as avaliações de outras compras","","Não","Não avalio selo recebido e sim reputação e avaliação."
"2021/05/29 4:07:03 PM GMT-3","Casas Bahia;Ponto Frio;Magazine Luiza;Mercado Livre;Amazon","Menor preço","3","Compro porquê analiso a reputação do vendedor","","Sim, pois saberia que ele possui outras vendas concluidas",""
"2021/05/29 4:08:03 PM GMT-3","Casas Bahia;Ponto Frio;Extra.com;Magazine Luiza;Mercado Livre;Amazon","Menor preço","5","Compro porquê analiso a reputação do vendedor","","Sim, pois teria confiança do site e-commerce",""
"2021/05/29 4:08:18 PM GMT-3","Magazine Luiza;Mercado Livre","Confiança no fornecedor","5","Compro pois vejo as avaliações de outras compras","","Sim, pois saberia que ele possui outras vendas concluidas",""
"2021/05/29 4:08:37 PM GMT-3","Mercado Livre","Confiança no fornecedor","5","Compro pois vejo as avaliações de outras compras","","Sim, pois saberia que ele possui outras vendas concluidas",""
"2021/05/29 4:09:28 PM GMT-3","Extra.com;Magazine Luiza;Mercado Livre","Frete grátis","3","Compro pois vejo as avaliações de outras compras","","Sim, pois teria confiança do site e-commerce",""
"2021/05/29 4:10:11 PM GMT-3","Magazine Luiza;Mercado Livre;Amazon","Tempo de entrega","4","Compro pois vejo as avaliações de outras compras","","Sim, pois teria confiança do site e-commerce",""
"2021/05/29 4:10:30 PM GMT-3","Mercado Livre;Shopee","Menor preço","5","Compro porquê analiso a reputação do vendedor","","Sim, pois teria confiança do site e-commerce",""
"2021/05/29 4:10:41 PM GMT-3","Shopee","Menor preço","5","Compro pois vejo as avaliações de outras compras","","Sim, pois teria confiança do site e-commerce",""
"2021/05/29 4:13:34 PM GMT-3","Casas Bahia;Ponto Frio;Extra.com;Magazine Luiza;Mercado Livre;Shopee;Amazon","Menor preço","5","Compro porquê analiso a reputação do vendedor","","Sim, pois saberia que ele possui outras vendas concluidas",""
"2021/05/29 4:13:46 PM GMT-3","Ponto Frio","Frete grátis","5","Não","Tenho medo de perder o dinheiro","Sim, pois saberia que ele possui outras vendas concluidas",""
"2021/05/29 4:14:01 PM GMT-3","Casas Bahia;Magazine Luiza;Mercado Livre;Amazon","Confiança no fornecedor","4","Compro porquê analiso a reputação do vendedor","","Sim, pois saberia que ele possui outras vendas concluidas",""
"2021/05/29 4:16:48 PM GMT-3","Magazine Luiza;Mercado Livre;Amazon","Confiança no fornecedor","5","Compro pois vejo as avaliações de outras compras","","Sim, pois saberia que ele possui outras vendas concluidas",""
"2021/05/29 4:22:08 PM GMT-3","Casas Bahia;Ponto Frio;Extra.com;Magazine Luiza;Mercado Livre;Shopee;Amazon","Menor preço","5","Não","Reembolso pode demorar e não é conveniente","Sim, pois teria confiança do site e-commerce",""
"2021/05/29 4:22:58 PM GMT-3","Casas Bahia;Ponto Frio;Extra.com;Magazine Luiza;Mercado Livre;Shopee;Amazon","Confiança no fornecedor","5","Compro pois terei reembolso caso tenha problemas","","Sim, pois saberia que ele possui outras vendas concluidas",""
"2021/05/29 4:24:11 PM GMT-3","Casas Bahia;Ponto Frio;Magazine Luiza;Mercado Livre;Amazon","Menor preço","5","Compro porquê analiso a reputação do vendedor","","Sim, pois teria confiança do site e-commerce",""
"2021/05/29 4:25:45 PM GMT-3","Magazine Luiza;Mercado Livre;Amazon","Menor preço","5","Compro pois terei reembolso caso tenha problemas","","Sim, pois saberia que ele possui outras vendas concluidas",""
"2021/05/29 4:25:49 PM GMT-3","Casas Bahia;Magazine Luiza;Mercado Livre;Amazon","Tempo de entrega","5","Compro pois terei reembolso caso tenha problemas","","Sim, pois teria confiança do site e-commerce",""
"2021/05/29 4:27:27 PM GMT-3","Casas Bahia;Ponto Frio;Extra.com;Magazine Luiza;Mercado Livre;Amazon","Menor preço","5","Não","Não compro pq não confio","Sim, pois teria confiança do site e-commerce",""
"2021/05/29 4:27:32 PM GMT-3","Casas Bahia;Ponto Frio;Extra.com;Magazine Luiza;Mercado Livre;Amazon","Menor preço","5","Compro pois terei reembolso caso tenha problemas","","Sim, pois teria confiança do site e-commerce",""
"2021/05/29 4:28:54 PM GMT-3","Casas Bahia;Ponto Frio;Extra.com","Menor preço","5","Não","Confiança","Sim, pois teria confiança do site e-commerce",""
"2021/05/29 4:29:14 PM GMT-3","Mercado Livre","Frete grátis","5","Compro pois vejo as avaliações de outras compras","","Sim, pois saberia que ele possui outras vendas concluidas",""
"2021/05/29 4:29:16 PM GMT-3","Casas Bahia;Ponto Frio;Extra.com;Magazine Luiza;Mercado Livre;Shopee","Confiança no fornecedor","5","Compro porquê analiso a reputação do vendedor","","Sim, pois saberia que ele possui outras vendas concluidas",""
"2021/05/29 4:30:27 PM GMT-3","Extra.com;Magazine Luiza;Mercado Livre","Menor preço","5","Compro porquê analiso a reputação do vendedor","","Sim, pois teria confiança do site e-commerce",""
"2021/05/29 4:30:32 PM GMT-3","Casas Bahia","Menor preço","5","Compro pois confio no site","","Sim, pois teria confiança do site e-commerce",""
"2021/05/29 4:32:10 PM GMT-3","Mercado Livre","Menor preço","5","Compro porquê analiso a reputação do vendedor","","Sim, pois teria confiança do site e-commerce",""
"2021/05/29 4:33:48 PM GMT-3","Ponto Frio;Extra.com;Mercado Livre","Menor preço","2","Compro porquê analiso a reputação do vendedor","","Sim, pois teria confiança do site e-commerce",""
"2021/05/29 4:33:56 PM GMT-3","Mercado Livre","Menor preço","5","Compro porquê analiso a reputação do vendedor","","Sim, pois teria confiança do site e-commerce",""
"2021/05/29 4:35:48 PM GMT-3","Casas Bahia;Ponto Frio;Extra.com;Magazine Luiza;Mercado Livre;Amazon","Tempo de entrega","5","Compro porquê analiso a reputação do vendedor","","Não",""
"2021/05/29 4:36:42 PM GMT-3","Casas Bahia;Magazine Luiza;Mercado Livre;Shopee;Amazon","Menor preço","5","Compro pois terei reembolso caso tenha problemas","","Sim, pois saberia que ele possui outras vendas concluidas",""
"2021/05/29 4:36:55 PM GMT-3","Magazine Luiza;Mercado Livre;Shopee;Amazon","Confiança no fornecedor","5","Compro pois vejo as avaliações de outras compras","","Sim, pois saberia que ele possui outras vendas concluidas",""
"2021/05/29 4:37:16 PM GMT-3","Casas Bahia;Magazine Luiza;Mercado Livre;Shopee","Menor preço","5","Compro porquê analiso a reputação do vendedor","","Sim, pois saberia que ele possui outras vendas concluidas",""
"2021/05/29 4:37:38 PM GMT-3","Magazine Luiza;Amazon","Frete grátis","5","Compro pois confio no site","","Sim, pois saberia que ele possui outras vendas concluidas",""
"2021/05/29 4:38:17 PM GMT-3","Casas Bahia;Magazine Luiza;Mercado Livre","Confiança no fornecedor","2","Não","Não confio. ","Sim, pois teria confiança do site e-commerce",""
"2021/05/29 4:43:52 PM GMT-3","Casas Bahia;Extra.com;Magazine Luiza;Mercado Livre;Amazon","Confiança no fornecedor","5","Compro pois vejo as avaliações de outras compras","","Sim, pois saberia que ele possui outras vendas concluidas",""
"2021/05/29 4:44:37 PM GMT-3","Magazine Luiza","Frete grátis","5","Compro pois confio no site","","Sim, pois teria confiança do site e-commerce",""
"2021/05/29 4:44:38 PM GMT-3","Casas Bahia;Extra.com;Magazine Luiza;Mercado Livre;Shopee;Amazon","Menor preço","5","Compro pois vejo as avaliações de outras compras","","Sim, pois teria confiança do site e-commerce",""
"2021/05/29 4:44:52 PM GMT-3","Casas Bahia;Magazine Luiza;Mercado Livre;Shopee;Amazon","Frete grátis","5","Compro pois confio no site","","Sim, pois teria confiança do site e-commerce",""
"2021/05/29 4:45:14 PM GMT-3","Mercado Livre","Confiança no fornecedor","2","Compro porquê analiso a reputação do vendedor","","Sim, pois teria confiança do site e-commerce",""
"2021/05/29 4:45:16 PM GMT-3","Extra.com;Magazine Luiza;Mercado Livre;Amazon","Menor preço","5","Compro porquê analiso a reputação do vendedor","","Sim, pois teria confiança do site e-commerce",""
"2021/05/29 4:45:26 PM GMT-3","Extra.com;Magazine Luiza;Mercado Livre;Amazon","Menor preço","5","Compro porquê analiso a reputação do vendedor","","Sim, pois teria confiança do site e-commerce",""
"2021/05/29 4:46:15 PM GMT-3","Amazon","Confiança no fornecedor","5","Compro pois confio no site","","Sim, pois teria confiança do site e-commerce",""
"2021/05/29 4:46:22 PM GMT-3","Magazine Luiza;Mercado Livre;Amazon","Menor preço","5","Compro pois vejo as avaliações de outras compras","","Sim, pois saberia que ele possui outras vendas concluidas",""
"2021/05/29 4:46:58 PM GMT-3","Mercado Livre","Menor preço","5","Compro porquê analiso a reputação do vendedor","","Sim, pois teria confiança do site e-commerce",""
"2021/05/29 4:47:01 PM GMT-3","Mercado Livre","Menor preço","4","Compro porquê analiso a reputação do vendedor","","Não",""
"2021/05/29 4:47:03 PM GMT-3","Casas Bahia;Magazine Luiza;Mercado Livre;Amazon","Menor preço","5","Compro pois confio no site","","Sim, pois teria confiança do site e-commerce",""
"2021/05/29 4:47:13 PM GMT-3","Casas Bahia;Ponto Frio;Magazine Luiza;Mercado Livre;Shopee","Confiança no fornecedor","4","Compro pois confio no site","","Sim, pois teria confiança do site e-commerce",""
"2021/05/29 4:47:15 PM GMT-3","Magazine Luiza;Mercado Livre;Amazon","Menor preço","5","Compro pois terei reembolso caso tenha problemas","","Sim, pois teria confiança do site e-commerce",""
"2021/05/29 4:47:17 PM GMT-3","Casas Bahia;Extra.com;Magazine Luiza;Mercado Livre;Amazon","Confiança no fornecedor","5","Compro pois confio no site","","Sim, pois saberia que ele possui outras vendas concluidas",""
"2021/05/29 4:47:20 PM GMT-3","Casas Bahia;Extra.com;Magazine Luiza;Mercado Livre;Shopee","Menor preço","5","Compro pois confio no site","","Sim, pois teria confiança do site e-commerce",""
"2021/05/29 4:47:57 PM GMT-3","Casas Bahia;Extra.com;Mercado Livre;Shopee","Confiança no fornecedor","5","Compro porquê analiso a reputação do vendedor","","Sim, pois saberia que ele possui outras vendas concluidas",""
"2021/05/29 4:48:34 PM GMT-3","Casas Bahia;Magazine Luiza;Mercado Livre;Amazon","Confiança no fornecedor","5","Compro pois confio no site","","Sim, pois teria confiança do site e-commerce",""
"2021/05/29 4:48:37 PM GMT-3","Extra.com;Magazine Luiza;Mercado Livre","Menor preço","4","Compro pois terei reembolso caso tenha problemas","","Sim, pois saberia que ele possui outras vendas concluidas",""
"2021/05/29 4:48:39 PM GMT-3","Casas Bahia;Magazine Luiza;Mercado Livre;Shopee","Menor preço","5","Compro porquê analiso a reputação do vendedor","","Sim, pois teria confiança do site e-commerce",""
"2021/05/29 4:49:17 PM GMT-3","Casas Bahia;Extra.com;Mercado Livre","Confiança no fornecedor","3","Compro pois terei reembolso caso tenha problemas","","Sim, pois teria confiança do site e-commerce",""
"2021/05/29 4:49:34 PM GMT-3","Mercado Livre;Shopee;Amazon","Confiança no fornecedor","4","Não","Não confio ","Sim, pois teria confiança do site e-commerce",""
"2021/05/29 4:50:18 PM GMT-3","Casas Bahia;Ponto Frio;Extra.com;Magazine Luiza;Mercado Livre;Shopee;Amazon","Menor preço","5","Compro porquê analiso a reputação do vendedor","","Sim, pois teria confiança do site e-commerce",""
"2021/05/29 4:50:38 PM GMT-3","Casas Bahia;Ponto Frio;Extra.com;Magazine Luiza;Mercado Livre;Amazon","Menor preço","5","Compro pois confio no site","","Sim, pois teria confiança do site e-commerce",""
"2021/05/29 4:52:46 PM GMT-3","Mercado Livre","Menor preço","5","Compro pois vejo as avaliações de outras compras","","Sim, pois saberia que ele possui outras vendas concluidas",""
"2021/05/29 4:52:56 PM GMT-3","Casas Bahia;Ponto Frio;Extra.com;Mercado Livre;Amazon","Menor preço","5","Compro pois terei reembolso caso tenha problemas","","Sim, pois teria confiança do site e-commerce",""
"2021/05/29 4:54:02 PM GMT-3","Magazine Luiza;Mercado Livre;Amazon","Menor preço","5","Compro pois terei reembolso caso tenha problemas","","Sim, pois saberia que ele possui outras vendas concluidas",""
"2021/05/29 4:56:39 PM GMT-3","Casas Bahia;Shopee","Menor preço","4","Compro pois vejo as avaliações de outras compras","","Sim, pois saberia que ele possui outras vendas concluidas",""
"2021/05/29 4:58:08 PM GMT-3","Casas Bahia;Ponto Frio;Extra.com;Magazine Luiza;Mercado Livre;Amazon","Menor preço","5","Compro pois vejo as avaliações de outras compras","","Sim, pois saberia que ele possui outras vendas concluidas",""
"2021/05/29 4:58:12 PM GMT-3","Casas Bahia;Ponto Frio;Extra.com;Magazine Luiza;Mercado Livre;Shopee;Amazon","Menor preço","4","Compro pois terei reembolso caso tenha problemas","","Sim, pois teria confiança do site e-commerce",""
"2021/05/29 4:59:14 PM GMT-3","Casas Bahia;Ponto Frio;Extra.com;Magazine Luiza;Mercado Livre;Amazon","Menor preço","5","Compro porquê analiso a reputação do vendedor","","Sim, pois teria confiança do site e-commerce",""
"2021/05/29 5:01:00 PM GMT-3","Casas Bahia;Ponto Frio;Extra.com;Magazine Luiza;Shopee;Amazon","Confiança no fornecedor","5","Compro pois vejo as avaliações de outras compras","","Sim, pois saberia que ele possui outras vendas concluidas",""
"2021/05/29 5:01:38 PM GMT-3","Casas Bahia;Magazine Luiza;Mercado Livre;Amazon","Menor preço","5","Compro pois vejo as avaliações de outras compras","","Sim, pois saberia que ele possui outras vendas concluidas",""
"2021/05/29 5:02:33 PM GMT-3","Casas Bahia;Mercado Livre","Menor preço","3","Não","Não compro ","Sim, pois saberia que ele possui outras vendas concluidas",""
"2021/05/29 5:03:11 PM GMT-3","Extra.com;Mercado Livre","Confiança no fornecedor","5","Compro porquê analiso a reputação do vendedor","","Sim, pois saberia que ele possui outras vendas concluidas",""
"2021/05/29 5:03:42 PM GMT-3","Extra.com;Magazine Luiza;Mercado Livre;Shopee;Amazon","Menor preço","5","Compro pois confio no site","","Sim, pois teria confiança do site e-commerce",""
"2021/05/29 5:04:11 PM GMT-3","Casas Bahia;Extra.com;Magazine Luiza;Mercado Livre","Menor preço","4","Compro porquê analiso a reputação do vendedor","","Sim, pois saberia que ele possui outras vendas concluidas",""
"2021/05/29 5:05:13 PM GMT-3","Mercado Livre;Amazon","Confiança no fornecedor","4","Compro pois terei reembolso caso tenha problemas","","Sim, pois teria confiança do site e-commerce",""
"2021/05/29 5:05:40 PM GMT-3","Casas Bahia;Ponto Frio;Magazine Luiza;Mercado Livre;Shopee","Confiança no fornecedor","5","Compro porquê analiso a reputação do vendedor","","Sim, pois teria confiança do site e-commerce",""
"2021/05/29 5:06:53 PM GMT-3","Mercado Livre","Menor preço","5","Compro porquê analiso a reputação do vendedor","","Sim, pois saberia que ele possui outras vendas concluidas",""
"2021/05/29 5:06:53 PM GMT-3","Casas Bahia","Menor preço","4","Compro pois confio no site","","Sim, pois saberia que ele possui outras vendas concluidas",""
"2021/05/29 5:08:38 PM GMT-3","Casas Bahia;Ponto Frio;Extra.com;Magazine Luiza;Mercado Livre;Amazon","Menor preço","5","Compro pois confio no site","","Sim, pois teria confiança do site e-commerce",""
"2021/05/29 5:08:40 PM GMT-3","Casas Bahia;Ponto Frio;Extra.com;Magazine Luiza;Mercado Livre;Amazon","Frete grátis","5","Compro pois confio no site","","Sim, pois saberia que ele possui outras vendas concluidas",""
"2021/05/29 5:09:22 PM GMT-3","Amazon","Confiança no fornecedor","4","Compro pois confio no site","","Sim, pois teria confiança do site e-commerce",""
"2021/05/29 5:10:17 PM GMT-3","Casas Bahia;Magazine Luiza;Mercado Livre;Amazon","Menor preço","5","Compro pois vejo as avaliações de outras compras","","Sim, pois teria confiança do site e-commerce",""
"2021/05/29 5:10:50 PM GMT-3","Casas Bahia;Ponto Frio;Extra.com;Magazine Luiza;Mercado Livre;Amazon","Frete grátis","5","Compro pois vejo as avaliações de outras compras","","Sim, pois teria confiança do site e-commerce",""
"2021/05/29 5:11:53 PM GMT-3","Ponto Frio;Extra.com;Magazine Luiza;Mercado Livre","Menor preço","3","Compro pois confio no site","","Sim, pois saberia que ele possui outras vendas concluidas",""
"2021/05/29 5:12:48 PM GMT-3","Casas Bahia;Extra.com;Amazon","Menor preço","4","Compro pois terei reembolso caso tenha problemas","","Sim, pois teria confiança do site e-commerce",""
"2021/05/29 5:12:54 PM GMT-3","Magazine Luiza","Menor preço","5","Compro pois confio no site","","Sim, pois teria confiança do site e-commerce",""
"2021/05/29 5:13:07 PM GMT-3","Magazine Luiza;Amazon","Frete grátis","5","Compro pois terei reembolso caso tenha problemas","","Sim, pois teria confiança do site e-commerce",""
"2021/05/29 5:13:29 PM GMT-3","Casas Bahia;Magazine Luiza;Shopee","Tempo de entrega","4","Compro porquê analiso a reputação do vendedor","","Sim, pois saberia que ele possui outras vendas concluidas",""
"2021/05/29 5:13:39 PM GMT-3","Ponto Frio;Magazine Luiza;Mercado Livre","Confiança no fornecedor","3","Compro pois terei reembolso caso tenha problemas","","Sim, pois teria confiança do site e-commerce",""
"2021/05/29 5:13:56 PM GMT-3","Mercado Livre","Confiança no fornecedor","5","Compro porquê analiso a reputação do vendedor","","Sim, pois teria confiança do site e-commerce",""
"2021/05/29 5:15:03 PM GMT-3","Mercado Livre;Shopee","Tempo de entrega","1","Compro pois terei reembolso caso tenha problemas","","Sim, pois saberia que ele possui outras vendas concluidas",""
"2021/05/29 5:17:02 PM GMT-3","Casas Bahia;Ponto Frio;Extra.com;Magazine Luiza;Mercado Livre","Tempo de entrega","4","Compro pois confio no site","","Sim, pois saberia que ele possui outras vendas concluidas",""
"2021/05/29 5:18:33 PM GMT-3","Casas Bahia;Extra.com;Mercado Livre;Amazon","Menor preço","3","Não","","Não",""
"2021/05/29 5:19:30 PM GMT-3","Casas Bahia;Magazine Luiza;Mercado Livre;Shopee;Amazon","Menor preço","4","Compro pois vejo as avaliações de outras compras","","Sim, pois saberia que ele possui outras vendas concluidas",""
"2021/05/29 5:20:08 PM GMT-3","Casas Bahia;Ponto Frio;Extra.com;Magazine Luiza;Mercado Livre;Amazon","Menor preço","5","Compro pois terei reembolso caso tenha problemas","","Sim, pois teria confiança do site e-commerce",""
"2021/05/29 5:21:11 PM GMT-3","Casas Bahia;Ponto Frio;Extra.com;Magazine Luiza;Mercado Livre;Amazon","Menor preço","5","Compro pois confio no site","","Sim, pois teria confiança do site e-commerce",""
"2021/05/29 5:22:51 PM GMT-3","Casas Bahia;Ponto Frio;Extra.com;Magazine Luiza;Mercado Livre;Amazon","Menor preço","5","Compro pois confio no site","","Sim, pois saberia que ele possui outras vendas concluidas",""
"2021/05/29 5:29:14 PM GMT-3","Casas Bahia;Mercado Livre;Shopee;Amazon","Menor preço","5","Não","Quando verifico que o produto não é vendido pelo próprio site, geralmente não compro pois sempre o prazo de entre é mais longo e fico preocupada quanto ao não recebimento do produto mesmo sabendo que o site reembolsaria. ","Sim, pois saberia que ele possui outras vendas concluidas",""
"2021/05/29 5:35:39 PM GMT-3","Magazine Luiza;Mercado Livre;Amazon","Confiança no fornecedor","5","Compro porquê analiso a reputação do vendedor","","Sim, pois saberia que ele possui outras vendas concluidas",""
"2021/05/29 5:36:01 PM GMT-3","Casas Bahia;Ponto Frio;Extra.com;Magazine Luiza;Mercado Livre;Amazon","Confiança no fornecedor","5","Compro porquê analiso a reputação do vendedor","","Sim, pois saberia que ele possui outras vendas concluidas",""
"2021/05/29 5:37:25 PM GMT-3","Casas Bahia;Ponto Frio;Extra.com;Magazine Luiza;Mercado Livre;Amazon","Confiança no fornecedor","5","Compro pois confio no site","","Sim, pois teria confiança do site e-commerce",""
"2021/05/29 5:40:41 PM GMT-3","Casas Bahia;Ponto Frio;Extra.com;Magazine Luiza;Mercado Livre;Amazon","Menor preço","5","Compro porquê analiso a reputação do vendedor","","Sim, pois teria confiança do site e-commerce",""
"2021/05/29 5:42:51 PM GMT-3","Casas Bahia;Magazine Luiza;Mercado Livre;Shopee;Amazon","Tempo de entrega","4","Compro porquê analiso a reputação do vendedor","","Sim, pois teria confiança do site e-commerce",""
"2021/05/29 5:45:51 PM GMT-3","Ponto Frio;Extra.com;Magazine Luiza;Mercado Livre;Shopee;Amazon","Frete grátis","5","Compro pois terei reembolso caso tenha problemas","","Sim, pois teria confiança do site e-commerce",""
"2021/05/29 5:48:01 PM GMT-3","Magazine Luiza;Mercado Livre","Menor preço","5","Compro pois confio no site","","Sim, pois teria confiança do site e-commerce",""
"2021/05/29 5:48:53 PM GMT-3","Mercado Livre","Tempo de entrega","4","Compro pois terei reembolso caso tenha problemas","","Sim, pois saberia que ele possui outras vendas concluidas",""
"2021/05/29 5:51:35 PM GMT-3","Casas Bahia;Magazine Luiza;Mercado Livre;Amazon","Confiança no fornecedor","3","Não","Não tenho confiança ","Sim, pois saberia que ele possui outras vendas concluidas",""
"2021/05/29 5:52:58 PM GMT-3","Magazine Luiza;Mercado Livre","Menor preço","3","Compro pois vejo as avaliações de outras compras","","Sim, pois teria confiança do site e-commerce",""
"2021/05/29 6:00:40 PM GMT-3","Casas Bahia;Extra.com;Magazine Luiza;Mercado Livre;Amazon","Menor preço","4","Compro porquê analiso a reputação do vendedor","","Sim, pois teria confiança do site e-commerce",""
"2021/05/29 6:01:28 PM GMT-3","Casas Bahia","Menor preço","5","Compro porquê analiso a reputação do vendedor","","Sim, pois saberia que ele possui outras vendas concluidas",""
"2021/05/29 6:05:38 PM GMT-3","Magazine Luiza;Mercado Livre;Amazon","Confiança no fornecedor","5","Compro porquê analiso a reputação do vendedor","","Sim, pois teria confiança do site e-commerce",""
"2021/05/29 6:09:08 PM GMT-3","Mercado Livre","Confiança no fornecedor","5","Compro pois vejo as avaliações de outras compras","","Sim, pois saberia que ele possui outras vendas concluidas",""
"2021/05/29 6:10:02 PM GMT-3","Casas Bahia;Ponto Frio;Magazine Luiza;Shopee","Menor preço","5","Compro porquê analiso a reputação do vendedor","","Sim, pois teria confiança do site e-commerce",""
"2021/05/29 6:11:58 PM GMT-3","Casas Bahia;Ponto Frio;Extra.com;Magazine Luiza;Amazon","Menor preço","5","Compro pois confio no site","","Sim, pois teria confiança do site e-commerce",""
"2021/05/29 6:15:15 PM GMT-3","Casas Bahia;Magazine Luiza;Mercado Livre;Amazon","Menor preço","4","Compro porquê analiso a reputação do vendedor","","Sim, pois saberia que ele possui outras vendas concluidas",""
"2021/05/29 6:22:34 PM GMT-3","Magazine Luiza;Mercado Livre;Amazon","Menor preço","5","Compro pois terei reembolso caso tenha problemas","","Sim, pois teria confiança do site e-commerce",""
"2021/05/29 6:22:39 PM GMT-3","Casas Bahia;Extra.com;Magazine Luiza;Mercado Livre;Shopee;Amazon","Menor preço","5","Compro pois terei reembolso caso tenha problemas","","Sim, pois saberia que ele possui outras vendas concluidas",""
"2021/05/29 6:23:28 PM GMT-3","Mercado Livre;Amazon","Tempo de entrega","4","Compro pois vejo as avaliações de outras compras","","Sim, pois saberia que ele possui outras vendas concluidas",""
"2021/05/29 6:24:42 PM GMT-3","Casas Bahia;Extra.com;Magazine Luiza;Mercado Livre;Shopee;Amazon","Confiança no fornecedor","5","Compro pois confio no site","","Sim, pois teria confiança do site e-commerce",""
"2021/05/29 6:24:49 PM GMT-3","Extra.com;Magazine Luiza;Mercado Livre","Menor preço","5","Compro pois confio no site","","Sim, pois saberia que ele possui outras vendas concluidas",""
"2021/05/29 6:25:12 PM GMT-3","Casas Bahia;Ponto Frio;Extra.com;Magazine Luiza;Mercado Livre;Amazon","Confiança no fornecedor","5","Compro pois confio no site","","Sim, pois saberia que ele possui outras vendas concluidas",""
"2021/05/29 6:27:18 PM GMT-3","Casas Bahia;Extra.com;Magazine Luiza;Mercado Livre","Menor preço","1","Compro pois vejo as avaliações de outras compras","","Sim, pois teria confiança do site e-commerce",""
"2021/05/29 6:27:38 PM GMT-3","Casas Bahia;Ponto Frio;Mercado Livre;Amazon","Menor preço","5","Compro pois confio no site","","Sim, pois teria confiança do site e-commerce",""
"2021/05/29 6:28:08 PM GMT-3","Mercado Livre","Menor preço","5","Compro pois terei reembolso caso tenha problemas","","Sim, pois teria confiança do site e-commerce",""
"2021/05/29 6:31:33 PM GMT-3","Casas Bahia;Mercado Livre;Amazon","Confiança no fornecedor","4","Compro pois confio no site","","Sim, pois saberia que ele possui outras vendas concluidas",""
"2021/05/29 6:32:04 PM GMT-3","Mercado Livre","Menor preço","5","Compro porquê analiso a reputação do vendedor","","Sim, pois saberia que ele possui outras vendas concluidas",""
"2021/05/29 6:33:27 PM GMT-3","Casas Bahia;Ponto Frio;Extra.com;Magazine Luiza;Mercado Livre;Shopee","Confiança no fornecedor","5","Compro pois confio no site","","Sim, pois teria confiança do site e-commerce",""
"2021/05/29 6:33:28 PM GMT-3","Casas Bahia;Magazine Luiza;Shopee","Menor preço","5","Compro pois vejo as avaliações de outras compras","","Sim, pois saberia que ele possui outras vendas concluidas",""
"2021/05/29 6:37:31 PM GMT-3","Mercado Livre;Amazon","Menor preço","5","Compro pois vejo as avaliações de outras compras","","Sim, pois saberia que ele possui outras vendas concluidas",""
"2021/05/29 6:42:13 PM GMT-3","Magazine Luiza;Mercado Livre;Shopee","Menor preço","5","Compro porquê analiso a reputação do vendedor","","Sim, pois teria confiança do site e-commerce",""
"2021/05/29 6:48:02 PM GMT-3","Magazine Luiza;Mercado Livre;Amazon","Menor preço","4","Compro porquê analiso a reputação do vendedor","","Sim, pois saberia que ele possui outras vendas concluidas",""
"2021/05/29 6:51:06 PM GMT-3","Amazon","Tempo de entrega","5","Compro pois vejo as avaliações de outras compras","","Sim, pois teria confiança do site e-commerce",""
"2021/05/29 6:52:10 PM GMT-3","Mercado Livre;Shopee","Confiança no fornecedor","1","Compro pois confio no site","","Sim, pois saberia que ele possui outras vendas concluidas",""
"2021/05/29 6:55:00 PM GMT-3","Casas Bahia;Ponto Frio;Extra.com;Magazine Luiza;Mercado Livre;Amazon","Menor preço","5","Compro pois terei reembolso caso tenha problemas","","Não","Todo mundo quer vender seu peixe"
"2021/05/29 6:56:21 PM GMT-3","Casas Bahia;Ponto Frio;Extra.com;Magazine Luiza;Mercado Livre;Amazon","Menor preço","5","Compro pois vejo as avaliações de outras compras","","Sim, pois teria confiança do site e-commerce",""
"2021/05/29 6:58:10 PM GMT-3","Casas Bahia;Ponto Frio;Magazine Luiza;Mercado Livre;Shopee;Amazon","Menor preço","4","Compro pois terei reembolso caso tenha problemas","","Sim, pois saberia que ele possui outras vendas concluidas",""
"2021/05/29 7:02:11 PM GMT-3","Casas Bahia","Frete grátis","5","Compro porquê analiso a reputação do vendedor","","Sim, pois teria confiança do site e-commerce",""
"2021/05/29 7:06:37 PM GMT-3","Casas Bahia;Mercado Livre;Shopee","Confiança no fornecedor","4","Compro pois terei reembolso caso tenha problemas","","Sim, pois teria confiança do site e-commerce",""
"2021/05/29 7:17:30 PM GMT-3","Casas Bahia;Magazine Luiza;Shopee","Menor preço","5","Compro pois vejo as avaliações de outras compras","","Sim, pois saberia que ele possui outras vendas concluidas",""
"2021/05/29 7:22:43 PM GMT-3","Casas Bahia;Extra.com;Magazine Luiza;Mercado Livre;Shopee","Tempo de entrega","4","Compro porquê analiso a reputação do vendedor","","Sim, pois saberia que ele possui outras vendas concluidas",""
"2021/05/29 7:26:30 PM GMT-3","Casas Bahia;Extra.com","Menor preço","4","Compro pois vejo as avaliações de outras compras","","Sim, pois saberia que ele possui outras vendas concluidas",""
"2021/05/29 7:32:10 PM GMT-3","Casas Bahia;Magazine Luiza;Mercado Livre;Shopee;Amazon","Menor preço","5","Compro pois vejo as avaliações de outras compras","","Sim, pois teria confiança do site e-commerce",""
"2021/05/29 7:35:20 PM GMT-3","Casas Bahia;Magazine Luiza;Mercado Livre;Amazon","Menor preço","5","Compro pois vejo as avaliações de outras compras","","Sim, pois teria confiança do site e-commerce",""
"2021/05/29 7:52:57 PM GMT-3","Casas Bahia;Mercado Livre;Amazon","Menor preço","3","Compro pois vejo as avaliações de outras compras","","Sim, pois saberia que ele possui outras vendas concluidas",""
"2021/05/29 7:55:16 PM GMT-3","Casas Bahia;Ponto Frio;Mercado Livre;Shopee;Amazon","Menor preço","5","Compro pois confio no site","","Sim, pois teria confiança do site e-commerce",""
"2021/05/29 8:01:19 PM GMT-3","Extra.com;Mercado Livre","Menor preço","3","Compro pois vejo as avaliações de outras compras","","Sim, pois teria confiança do site e-commerce",""
"2021/05/29 8:06:34 PM GMT-3","Mercado Livre;Shopee","Menor preço","5","Compro porquê analiso a reputação do vendedor","","Sim, pois saberia que ele possui outras vendas concluidas",""
"2021/05/29 8:11:38 PM GMT-3","Casas Bahia;Extra.com;Mercado Livre;Shopee;Amazon","Menor preço","4","Compro porquê analiso a reputação do vendedor","","Sim, pois saberia que ele possui outras vendas concluidas",""
"2021/05/29 8:24:29 PM GMT-3","Mercado Livre;Amazon","Tempo de entrega","4","Compro pois vejo as avaliações de outras compras","","Sim, pois saberia que ele possui outras vendas concluidas",""
"2021/05/29 8:38:38 PM GMT-3","Casas Bahia","Menor preço","2","Compro pois terei reembolso caso tenha problemas","","Sim, pois teria confiança do site e-commerce",""
"2021/05/29 8:44:38 PM GMT-3","Casas Bahia;Extra.com;Magazine Luiza;Mercado Livre;Amazon","Menor preço","5","Compro pois terei reembolso caso tenha problemas","","Sim, pois teria confiança do site e-commerce",""
"2021/05/29 8:51:25 PM GMT-3","Magazine Luiza;Mercado Livre;Amazon","Confiança no fornecedor","5","Não","Prefiro produtos que sao vendidos e entregues pelo dono do site.","Sim, pois saberia que ele possui outras vendas concluidas",""
"2021/05/29 9:20:27 PM GMT-3","Magazine Luiza;Mercado Livre;Amazon","Tempo de entrega","4","Compro pois vejo as avaliações de outras compras","","Sim, pois teria confiança do site e-commerce",""
"2021/05/29 9:24:27 PM GMT-3","Casas Bahia;Ponto Frio;Extra.com;Magazine Luiza;Mercado Livre;Shopee;Amazon","Menor preço","5","Compro pois terei reembolso caso tenha problemas","","Sim, pois teria confiança do site e-commerce",""
"2021/05/29 9:25:28 PM GMT-3","Mercado Livre","Menor preço","4","Compro pois vejo as avaliações de outras compras","","Sim, pois teria confiança do site e-commerce",""
"2021/05/29 9:34:42 PM GMT-3","Casas Bahia;Ponto Frio;Extra.com;Magazine Luiza;Mercado Livre;Shopee","Menor preço","5","Compro pois terei reembolso caso tenha problemas","","Não","Eu vejo avaliação das pessoas que compraram para eu comprar tbm "
"2021/05/29 9:41:50 PM GMT-3","Magazine Luiza;Mercado Livre","Confiança no fornecedor","4","Compro pois vejo as avaliações de outras compras","","Sim, pois saberia que ele possui outras vendas concluidas",""
"2021/05/29 9:42:08 PM GMT-3","Magazine Luiza;Mercado Livre;Amazon","Menor preço","5","Compro porquê analiso a reputação do vendedor","","Sim, pois teria confiança do site e-commerce",""
"2021/05/29 9:49:38 PM GMT-3","Mercado Livre;Amazon","Frete grátis","5","Compro pois terei reembolso caso tenha problemas","","Sim, pois saberia que ele possui outras vendas concluidas",""
"2021/05/29 10:03:48 PM GMT-3","Casas Bahia;Extra.com;Amazon","Confiança no fornecedor","4","Compro pois confio no site","","Sim, pois teria confiança do site e-commerce",""
"2021/05/29 10:10:37 PM GMT-3","Mercado Livre;Amazon","Confiança no fornecedor","5","Compro pois terei reembolso caso tenha problemas","","Sim, pois teria confiança do site e-commerce",""
"2021/05/29 10:28:12 PM GMT-3","Casas Bahia;Ponto Frio;Extra.com;Magazine Luiza;Mercado Livre;Amazon","Confiança no fornecedor","5","Compro pois confio no site","","Sim, pois teria confiança do site e-commerce",""
"2021/05/29 10:58:45 PM GMT-3","Casas Bahia;Ponto Frio;Extra.com;Magazine Luiza;Mercado Livre;Shopee;Amazon","Confiança no fornecedor","5","Compro porquê analiso a reputação do vendedor","","Sim, pois saberia que ele possui outras vendas concluidas",""
"2021/05/29 11:18:28 PM GMT-3","Casas Bahia;Ponto Frio;Extra.com;Magazine Luiza;Shopee;Amazon","Confiança no fornecedor","5","Compro pois vejo as avaliações de outras compras","","Sim, pois saberia que ele possui outras vendas concluidas",""
"2021/05/30 12:02:57 AM GMT-3","Casas Bahia;Ponto Frio;Extra.com;Magazine Luiza;Mercado Livre;Shopee;Amazon","Tempo de entrega","4","Compro pois vejo as avaliações de outras compras","","Sim, pois teria confiança do site e-commerce",""
"2021/05/30 9:52:51 AM GMT-3","Shopee","Frete grátis","5","Compro pois vejo as avaliações de outras compras","","Sim, pois saberia que ele possui outras vendas concluidas",""
"2021/05/30 9:56:53 AM GMT-3","Casas Bahia;Ponto Frio;Mercado Livre;Shopee","Confiança no fornecedor","5","Compro porquê analiso a reputação do vendedor","","Sim, pois saberia que ele possui outras vendas concluidas",""
"2021/05/30 10:49:58 AM GMT-3","Ponto Frio;Extra.com;Mercado Livre;Shopee","Menor preço","5","Compro pois confio no site","","Sim, pois saberia que ele possui outras vendas concluidas",""
"2021/05/30 11:32:14 AM GMT-3","Casas Bahia;Extra.com;Magazine Luiza;Mercado Livre","Menor preço","1","Compro pois vejo as avaliações de outras compras","","Sim, pois teria confiança do site e-commerce",""
"2021/05/30 12:14:14 PM GMT-3","Casas Bahia;Ponto Frio;Extra.com;Magazine Luiza;Mercado Livre;Shopee","Menor preço","5","Compro pois terei reembolso caso tenha problemas","","Não","Eu vejo avaliação das pessoas que compraram para eu comprar tbm "
"2021/05/30 12:22:54 PM GMT-3","Mercado Livre","Menor preço","5","Compro porquê analiso a reputação do vendedor","","Sim, pois teria confiança do site e-commerce",""
"2021/05/30 1:14:11 PM GMT-3","Casas Bahia;Ponto Frio;Extra.com;Magazine Luiza;Mercado Livre;Amazon","Tempo de entrega","5","Compro pois terei reembolso caso tenha problemas","","Sim, pois saberia que ele possui outras vendas concluidas",""
"2021/05/30 2:13:06 PM GMT-3","Casas Bahia;Shopee","Menor preço","4","Compro pois vejo as avaliações de outras compras","","Sim, pois saberia que ele possui outras vendas concluidas",""
"2021/05/30 2:45:48 PM GMT-3","Casas Bahia;Ponto Frio;Extra.com;Magazine Luiza;Mercado Livre","Tempo de entrega","4","Compro pois confio no site","","Sim, pois saberia que ele possui outras vendas concluidas",""